{
    "casa":{
        "LATITUDE": 33.556981,
        "LONGITUDE": -7.660492
    },
    "benimellal":{
        "LATITUDE": 32.3666666,
        "LONGITUDE": -6.4
    },
    "sale":{
        "LATITUDE": 34.051467,
        "LONGITUDE": -6.751519
    }
}